{"cameraMode":{"drawMode":0,"name":"Shaded","section":"Shading Mode"},"sceneLighting":true,"audioPlay":false,"sceneViewState":{"m_AlwaysRefresh":false,"showFog":true,"showSkybox":true,"showFlares":true,"showImageEffects":true,"showParticleSystems":true,"showVisualEffectGraphs":true,"m_FxEnabled":true},"in2DMode":false,"pivot":{"x":2.5470833778381349,"y":-0.49484872817993166,"z":-4.5767927169799809},"rotation":{"x":-0.22043709456920625,"y":-0.4353426396846771,"z":0.11084390431642533,"w":-0.8658005595207214},"size":6.681654453277588,"orthographic":false}