{"cameraMode":{"drawMode":0,"name":"Shaded","section":"Shading Mode"},"sceneLighting":false,"audioPlay":false,"sceneViewState":{"m_AlwaysRefresh":false,"showFog":true,"showSkybox":false,"showFlares":true,"showImageEffects":true,"showParticleSystems":true,"showVisualEffectGraphs":true,"m_FxEnabled":true},"in2DMode":false,"pivot":{"x":-1.3860445022583008,"y":2.6988253593444826,"z":-6.373480796813965},"rotation":{"x":-0.15318632125854493,"y":-0.8450750708580017,"z":0.33148279786109927,"w":-0.39053303003311159},"size":0.7557545304298401,"orthographic":false}